PolicyID,MinPStartDate,Layer,CarrierID,NamedInsuredID,InsuranceProgramID,PolicyNum,PolicyNotes,SIRPerOcc,SIRAggregate
1,1965-01-01,1,4,1,1,AETNA-1-1965-000-000001,,250000,500000
2,1965-01-01,2,13,1,1,AMERICAN-1-1965-001-000002,,0,0
3,1965-01-01,3,15,1,1,GRANITE-1-1965-005-000003,,0,0
4,1966-01-01,1,16,1,1,ZURICH-1-1966-000-000004,,250000,500000
5,1966-01-01,2,2,1,1,LONDON-1-1966-001-000005,,0,0
6,1966-01-01,3,2,1,1,LONDON-1-1966-005-000006,,0,0
7,1967-01-01,1,4,1,1,AETNA-1-1967-000-000007,,250000,500000
8,1967-01-01,2,14,1,1,NATIONAL-1-1967-001-000008,,0,0
9,1967-01-01,3,6,1,1,HARBOR-1-1967-005-000009,,0,0
10,1968-01-01,1,1,1,1,HARTFORD-1-1968-000-000010,,250000,500000
11,1968-01-01,2,13,1,1,AMERICAN-1-1968-001-000011,,0,0
12,1968-01-01,3,12,1,1,LEXINGTON-1-1968-005-000012,,0,0
13,1969-01-01,1,3,1,1,CONTINENTAL-1-1969-000-000013,,250000,500000
14,1969-01-01,2,17,1,1,CHUBB-1-1969-001-000014,,0,0
15,1969-01-01,3,5,1,1,CALIFORNIA-1-1969-005-000015,,0,0
16,1970-01-01,1,3,1,1,CONTINENTAL-1-1970-000-000016,,250000,500000
17,1970-01-01,2,18,1,1,FIREMAN'S-1-1970-005-000017,,0,0
18,1970-01-01,3,5,1,1,CALIFORNIA-1-1970-010-000018,,0,0
19,1971-01-01,1,7,1,1,INSURANCE-1-1971-000-000019,,250000,500000
20,1971-01-01,2,6,1,1,HARBOR-1-1971-005-000020,,0,0
21,1971-01-01,3,17,1,1,CHUBB-1-1971-010-000021,,0,0
22,1972-01-01,1,1,1,1,HARTFORD-1-1972-000-000022,,250000,500000
23,1972-01-01,2,5,1,1,CALIFORNIA-1-1972-005-000023,,0,0
24,1972-01-01,3,6,1,1,HARBOR-1-1972-010-000024,,0,0
25,1973-01-01,1,16,1,1,ZURICH-1-1973-000-000025,,250000,500000
26,1973-01-01,2,14,1,1,NATIONAL-1-1973-005-000026,,0,0
27,1973-01-01,3,2,1,1,LONDON-1-1973-010-000027,,0,0
28,1974-01-01,1,3,1,1,CONTINENTAL-1-1974-000-000028,,250000,500000
29,1974-01-01,2,10,1,1,FIRST-1-1974-005-000029,,0,0
30,1974-01-01,3,14,1,1,NATIONAL-1-1974-010-000030,,0,0
31,1975-01-01,1,11,1,1,TRAVELERS-1-1975-000-000031,,250000,500000
32,1975-01-01,2,17,1,1,CHUBB-1-1975-005-000032,,0,0
33,1975-01-01,3,10,1,1,FIRST-1-1975-010-000033,,0,0
34,1975-01-01,4,2,1,1,LONDON-1-1975-020-000034,Multi-year term,0,0
35,1976-01-01,1,16,1,1,ZURICH-1-1976-000-000035,,250000,500000
36,1976-01-01,2,12,1,1,LEXINGTON-1-1976-005-000036,,0,0
37,1976-01-01,3,2,1,1,LONDON-1-1976-010-000037,,0,0
38,1977-01-01,1,16,1,1,ZURICH-1-1977-000-000038,,250000,500000
39,1977-01-01,2,2,1,1,LONDON-1-1977-005-000039,,0,0
40,1977-01-01,3,12,1,1,LEXINGTON-1-1977-010-000040,,0,0
41,1977-01-01,4,13,1,1,AMERICAN-1-1977-020-000041,,0,0
42,1978-01-01,1,1,1,1,HARTFORD-1-1978-000-000042,,250000,500000
43,1978-01-01,2,15,1,1,GRANITE-1-1978-005-000043,,0,0
44,1978-01-01,3,6,1,1,HARBOR-1-1978-010-000044,,0,0
45,1978-01-01,4,2,1,1,LONDON-1-1978-020-000045,,0,0
46,1979-01-01,1,11,1,1,TRAVELERS-1-1979-000-000046,,250000,500000
47,1979-01-01,2,12,1,1,LEXINGTON-1-1979-005-000047,,0,0
48,1979-01-01,3,15,1,1,GRANITE-1-1979-010-000048,,0,0
49,1979-01-01,4,15,1,1,GRANITE-1-1979-020-000049,,0,0
50,1979-01-01,5,12,1,1,LEXINGTON-1-1979-040-000050,Half-year term,0,0
51,1979-07-01,5,10,1,1,FIRST-1-1979-040-000051,Half-year term,0,0
52,1980-01-01,1,16,1,1,ZURICH-1-1980-000-000052,,250000,500000
53,1980-01-01,2,17,1,1,CHUBB-1-1980-005-000053,,0,0
54,1980-01-01,3,12,1,1,LEXINGTON-1-1980-010-000054,,0,0
55,1980-01-01,4,15,1,1,GRANITE-1-1980-020-000055,,0,0
56,1980-01-01,5,2,1,1,LONDON-1-1980-040-000056,Quota share 1/3,0,0
57,1980-01-01,5,13,1,1,AMERICAN-1-1980-040-000057,Quota share 2/3,0,0
58,1980-01-01,5,17,1,1,CHUBB-1-1980-040-000058,Quota share 3/3,0,0
59,1981-01-01,1,11,1,1,TRAVELERS-1-1981-000-000059,,250000,500000
60,1981-01-01,2,15,1,1,GRANITE-1-1981-005-000060,,0,0
61,1981-01-01,3,10,1,1,FIRST-1-1981-010-000061,,0,0
62,1981-01-01,4,5,1,1,CALIFORNIA-1-1981-020-000062,,0,0
63,1981-01-01,5,17,1,1,CHUBB-1-1981-040-000063,,0,0
64,1981-01-01,6,2,1,1,LONDON-1-1981-065-000064,,0,0
65,1982-01-01,1,1,1,1,HARTFORD-1-1982-000-000065,,250000,500000
66,1982-01-01,2,6,1,1,HARBOR-1-1982-005-000066,,0,0
67,1982-01-01,3,13,1,1,AMERICAN-1-1982-010-000067,,0,0
68,1982-01-01,4,14,1,1,NATIONAL-1-1982-020-000068,,0,0
69,1982-01-01,5,13,1,1,AMERICAN-1-1982-040-000069,,0,0
70,1982-01-01,6,17,1,1,CHUBB-1-1982-065-000070,Quota share 1/2,0,0
71,1982-01-01,6,10,1,1,FIRST-1-1982-065-000071,Quota share 2/2,0,0
72,1983-01-01,1,3,1,1,CONTINENTAL-1-1983-000-000072,,250000,500000
73,1983-01-01,2,14,1,1,NATIONAL-1-1983-005-000073,,0,0
74,1983-01-01,3,5,1,1,CALIFORNIA-1-1983-010-000074,,0,0
75,1983-01-01,4,6,1,1,HARBOR-1-1983-020-000075,Multi-year term,0,0
76,1983-01-01,5,18,1,1,FIREMAN'S-1-1983-040-000076,,0,0
77,1983-01-01,6,13,1,1,AMERICAN-1-1983-065-000077,,0,0
78,1984-01-01,1,16,1,1,ZURICH-1-1984-000-000078,,250000,500000
79,1984-01-01,2,13,1,1,AMERICAN-1-1984-005-000079,,0,0
80,1984-01-01,3,18,1,1,FIREMAN'S-1-1984-010-000080,,0,0
81,1984-01-01,5,15,1,1,GRANITE-1-1984-040-000081,,0,0
82,1984-01-01,6,5,1,1,CALIFORNIA-1-1984-065-000082,,0,0
83,1985-01-01,1,7,1,1,INSURANCE-1-1985-000-000083,,250000,500000
84,1985-01-01,2,6,1,1,HARBOR-1-1985-005-000084,,0,0
85,1985-01-01,3,15,1,1,GRANITE-1-1985-010-000085,,0,0
86,1985-01-01,4,14,1,1,NATIONAL-1-1985-020-000086,,0,0
87,1985-01-01,5,10,1,1,FIRST-1-1985-040-000087,,0,0
88,1985-01-01,6,15,1,1,GRANITE-1-1985-065-000088,,0,0
89,1985-01-01,7,5,1,1,CALIFORNIA-1-1985-085-000089,Multi-year term,0,0
90,1985-01-01,8,15,1,1,GRANITE-1-1985-125-000090,Half-year term,0,0
91,1985-07-01,8,14,1,1,NATIONAL-1-1985-125-000091,Half-year term,0,0
92,1985-01-01,9,5,1,1,CALIFORNIA-1-1985-150-000092,,0,0
93,1986-01-01,1,1,1,1,HARTFORD-1-1986-000-000093,,250000,500000
94,1986-01-01,2,13,1,1,AMERICAN-1-1986-005-000094,,0,0
95,1986-01-01,3,10,1,1,FIRST-1-1986-010-000095,,0,0
96,1986-01-01,4,10,1,1,FIRST-1-1986-020-000096,,0,0
97,1986-01-01,5,2,1,1,LONDON-1-1986-040-000097,,0,0
98,1986-01-01,6,6,1,1,HARBOR-1-1986-065-000098,,0,0
99,1986-01-01,8,12,1,1,LEXINGTON-1-1986-125-000099,Quota share 1/2,0,0
100,1986-01-01,8,10,1,1,FIRST-1-1986-125-000100,Quota share 2/2,0,0
101,1986-01-01,9,17,1,1,CHUBB-1-1986-150-000101,,0,0
102,1965-01-01,1,4,2,2,AETNA-2-1965-000-000102,,250000,500000
103,1965-01-01,2,6,2,2,HARBOR-2-1965-001-000103,,0,0
104,1965-01-01,3,6,2,2,HARBOR-2-1965-005-000104,,0,0
105,1966-01-01,1,3,2,2,CONTINENTAL-2-1966-000-000105,,250000,500000
106,1966-01-01,2,17,2,2,CHUBB-2-1966-001-000106,,0,0
107,1966-01-01,3,2,2,2,LONDON-2-1966-005-000107,,0,0
108,1967-01-01,1,11,2,2,TRAVELERS-2-1967-000-000108,,250000,500000
109,1967-01-01,2,14,2,2,NATIONAL-2-1967-001-000109,,0,0
110,1967-01-01,3,15,2,2,GRANITE-2-1967-005-000110,,0,0
111,1968-01-01,1,11,2,2,TRAVELERS-2-1968-000-000111,,250000,500000
112,1968-01-01,2,6,2,2,HARBOR-2-1968-001-000112,,0,0
113,1968-01-01,3,10,2,2,FIRST-2-1968-005-000113,,0,0
114,1969-01-01,1,4,2,2,AETNA-2-1969-000-000114,,250000,500000
115,1969-01-01,2,10,2,2,FIRST-2-1969-001-000115,,0,0
116,1969-01-01,3,14,2,2,NATIONAL-2-1969-005-000116,,0,0
117,1970-01-01,1,3,2,2,CONTINENTAL-2-1970-000-000117,,250000,500000
118,1970-01-01,2,12,2,2,LEXINGTON-2-1970-005-000118,,0,0
119,1970-01-01,3,17,2,2,CHUBB-2-1970-010-000119,,0,0
120,1971-01-01,1,11,2,2,TRAVELERS-2-1971-000-000120,,250000,500000
121,1971-01-01,2,6,2,2,HARBOR-2-1971-005-000121,,0,0
122,1971-01-01,3,15,2,2,GRANITE-2-1971-010-000122,,0,0
123,1972-01-01,1,3,2,2,CONTINENTAL-2-1972-000-000123,,250000,500000
124,1972-01-01,2,15,2,2,GRANITE-2-1972-005-000124,,0,0
125,1972-01-01,3,12,2,2,LEXINGTON-2-1972-010-000125,,0,0
126,1973-01-01,1,4,2,2,AETNA-2-1973-000-000126,,250000,500000
127,1973-01-01,2,12,2,2,LEXINGTON-2-1973-005-000127,,0,0
128,1973-01-01,3,2,2,2,LONDON-2-1973-010-000128,,0,0
129,1974-01-01,1,1,2,2,HARTFORD-2-1974-000-000129,,250000,500000
130,1974-01-01,2,10,2,2,FIRST-2-1974-005-000130,,0,0
131,1974-01-01,3,10,2,2,FIRST-2-1974-010-000131,,0,0
132,1975-01-01,1,11,2,2,TRAVELERS-2-1975-000-000132,,250000,500000
133,1975-01-01,2,13,2,2,AMERICAN-2-1975-005-000133,,0,0
134,1975-01-01,3,6,2,2,HARBOR-2-1975-010-000134,,0,0
135,1975-01-01,4,13,2,2,AMERICAN-2-1975-020-000135,,0,0
136,1976-01-01,1,3,2,2,CONTINENTAL-2-1976-000-000136,,250000,500000
137,1976-01-01,2,2,2,2,LONDON-2-1976-005-000137,,0,0
138,1976-01-01,3,18,2,2,FIREMAN'S-2-1976-010-000138,,0,0
139,1976-01-01,4,17,2,2,CHUBB-2-1976-020-000139,,0,0
140,1977-01-01,1,1,2,2,HARTFORD-2-1977-000-000140,,250000,500000
141,1977-01-01,2,18,2,2,FIREMAN'S-2-1977-005-000141,,0,0
142,1977-01-01,3,13,2,2,AMERICAN-2-1977-010-000142,,0,0
143,1977-01-01,4,12,2,2,LEXINGTON-2-1977-020-000143,,0,0
144,1978-01-01,1,1,2,2,HARTFORD-2-1978-000-000144,,250000,500000
145,1978-01-01,2,15,2,2,GRANITE-2-1978-005-000145,,0,0
146,1978-01-01,3,6,2,2,HARBOR-2-1978-010-000146,,0,0
147,1978-01-01,4,12,2,2,LEXINGTON-2-1978-020-000147,Half-year term,0,0
148,1978-07-01,4,12,2,2,LEXINGTON-2-1978-020-000148,Half-year term,0,0
149,1979-01-01,1,3,2,2,CONTINENTAL-2-1979-000-000149,,250000,500000
150,1979-01-01,2,17,2,2,CHUBB-2-1979-005-000150,,0,0
151,1979-01-01,3,2,2,2,LONDON-2-1979-010-000151,,0,0
152,1979-01-01,4,17,2,2,CHUBB-2-1979-020-000152,,0,0
153,1979-01-01,5,14,2,2,NATIONAL-2-1979-040-000153,,0,0
154,1980-01-01,1,3,2,2,CONTINENTAL-2-1980-000-000154,,250000,500000
155,1980-01-01,2,12,2,2,LEXINGTON-2-1980-005-000155,,0,0
156,1980-01-01,3,5,2,2,CALIFORNIA-2-1980-010-000156,,0,0
157,1980-01-01,4,14,2,2,NATIONAL-2-1980-020-000157,,0,0
158,1980-01-01,5,10,2,2,FIRST-2-1980-040-000158,,0,0
159,1981-01-01,1,1,2,2,HARTFORD-2-1981-000-000159,,250000,500000
160,1981-01-01,2,6,2,2,HARBOR-2-1981-005-000160,,0,0
161,1981-01-01,3,17,2,2,CHUBB-2-1981-010-000161,Quota share 1/2,0,0
162,1981-01-01,3,10,2,2,FIRST-2-1981-010-000162,Quota share 2/2,0,0
163,1981-01-01,4,18,2,2,FIREMAN'S-2-1981-020-000163,,0,0
164,1981-01-01,5,13,2,2,AMERICAN-2-1981-040-000164,,0,0
165,1981-01-01,6,13,2,2,AMERICAN-2-1981-065-000165,,0,0
166,1982-01-01,1,1,2,2,HARTFORD-2-1982-000-000166,,250000,500000
167,1982-01-01,2,15,2,2,GRANITE-2-1982-005-000167,,0,0
168,1982-01-01,3,13,2,2,AMERICAN-2-1982-010-000168,,0,0
169,1982-01-01,4,13,2,2,AMERICAN-2-1982-020-000169,,0,0
170,1982-01-01,5,5,2,2,CALIFORNIA-2-1982-040-000170,,0,0
171,1982-01-01,6,2,2,2,LONDON-2-1982-065-000171,,0,0
172,1983-01-01,1,4,2,2,AETNA-2-1983-000-000172,,250000,500000
173,1983-01-01,2,14,2,2,NATIONAL-2-1983-005-000173,,0,0
174,1983-01-01,3,12,2,2,LEXINGTON-2-1983-010-000174,,0,0
175,1983-01-01,4,13,2,2,AMERICAN-2-1983-020-000175,,0,0
176,1983-01-01,5,2,2,2,LONDON-2-1983-040-000176,,0,0
177,1983-01-01,6,17,2,2,CHUBB-2-1983-065-000177,,0,0
178,1984-01-01,1,11,2,2,TRAVELERS-2-1984-000-000178,,250000,500000
179,1984-01-01,2,2,2,2,LONDON-2-1984-005-000179,,0,0
180,1984-01-01,3,6,2,2,HARBOR-2-1984-010-000180,,0,0
181,1984-01-01,4,2,2,2,LONDON-2-1984-020-000181,,0,0
182,1984-01-01,5,15,2,2,GRANITE-2-1984-040-000182,,0,0
183,1984-01-01,6,15,2,2,GRANITE-2-1984-065-000183,,0,0
184,1985-01-01,1,1,2,2,HARTFORD-2-1985-000-000184,,250000,500000
185,1985-01-01,2,13,2,2,AMERICAN-2-1985-005-000185,,0,0
186,1985-01-01,3,10,2,2,FIRST-2-1985-010-000186,,0,0
187,1985-01-01,4,5,2,2,CALIFORNIA-2-1985-020-000187,,0,0
188,1985-01-01,5,5,2,2,CALIFORNIA-2-1985-040-000188,,0,0
189,1985-01-01,6,5,2,2,CALIFORNIA-2-1985-065-000189,,0,0
190,1985-01-01,7,2,2,2,LONDON-2-1985-085-000190,,0,0
191,1985-01-01,8,15,2,2,GRANITE-2-1985-125-000191,,0,0
192,1985-01-01,9,6,2,2,HARBOR-2-1985-150-000192,,0,0
193,1986-01-01,1,16,2,2,ZURICH-2-1986-000-000193,,250000,500000
194,1986-01-01,2,5,2,2,CALIFORNIA-2-1986-005-000194,,0,0
195,1986-01-01,3,18,2,2,FIREMAN'S-2-1986-010-000195,,0,0
196,1986-01-01,4,17,2,2,CHUBB-2-1986-020-000196,,0,0
197,1986-01-01,5,14,2,2,NATIONAL-2-1986-040-000197,,0,0
198,1986-01-01,6,14,2,2,NATIONAL-2-1986-065-000198,,0,0
199,1986-01-01,7,17,2,2,CHUBB-2-1986-085-000199,,0,0
200,1986-01-01,8,12,2,2,LEXINGTON-2-1986-125-000200,,0,0
201,1986-01-01,9,15,2,2,GRANITE-2-1986-150-000201,,0,0
202,1965-01-01,1,4,3,3,AETNA-3-1965-000-000202,,250000,500000
203,1965-01-01,2,10,3,3,FIRST-3-1965-001-000203,,0,0
204,1965-01-01,3,5,3,3,CALIFORNIA-3-1965-005-000204,,0,0
205,1966-01-01,1,7,3,3,INSURANCE-3-1966-000-000205,,250000,500000
206,1966-01-01,2,13,3,3,AMERICAN-3-1966-001-000206,,0,0
207,1966-01-01,3,6,3,3,HARBOR-3-1966-005-000207,,0,0
208,1967-01-01,1,7,3,3,INSURANCE-3-1967-000-000208,,250000,500000
209,1967-01-01,2,5,3,3,CALIFORNIA-3-1967-001-000209,,0,0
210,1967-01-01,3,15,3,3,GRANITE-3-1967-005-000210,,0,0
211,1968-01-01,1,4,3,3,AETNA-3-1968-000-000211,,250000,500000
212,1968-01-01,2,18,3,3,FIREMAN'S-3-1968-001-000212,,0,0
213,1968-01-01,3,5,3,3,CALIFORNIA-3-1968-005-000213,,0,0
214,1969-01-01,1,4,3,3,AETNA-3-1969-000-000214,,250000,500000
215,1969-01-01,2,15,3,3,GRANITE-3-1969-001-000215,,0,0
216,1969-01-01,3,14,3,3,NATIONAL-3-1969-005-000216,,0,0
217,1970-01-01,1,7,3,3,INSURANCE-3-1970-000-000217,,250000,500000
218,1970-01-01,2,13,3,3,AMERICAN-3-1970-005-000218,,0,0
219,1970-01-01,3,17,3,3,CHUBB-3-1970-010-000219,,0,0
220,1971-01-01,1,3,3,3,CONTINENTAL-3-1971-000-000220,,250000,500000
221,1971-01-01,2,12,3,3,LEXINGTON-3-1971-005-000221,,0,0
222,1971-01-01,3,18,3,3,FIREMAN'S-3-1971-010-000222,,0,0
223,1972-01-01,1,3,3,3,CONTINENTAL-3-1972-000-000223,,250000,500000
224,1972-01-01,2,18,3,3,FIREMAN'S-3-1972-005-000224,,0,0
225,1972-01-01,3,12,3,3,LEXINGTON-3-1972-010-000225,,0,0
226,1973-01-01,1,1,3,3,HARTFORD-3-1973-000-000226,,250000,500000
227,1973-01-01,2,10,3,3,FIRST-3-1973-005-000227,,0,0
228,1973-01-01,3,6,3,3,HARBOR-3-1973-010-000228,,0,0
229,1974-01-01,1,11,3,3,TRAVELERS-3-1974-000-000229,,250000,500000
230,1974-01-01,2,13,3,3,AMERICAN-3-1974-005-000230,,0,0
231,1974-01-01,3,14,3,3,NATIONAL-3-1974-010-000231,,0,0
232,1975-01-01,1,3,3,3,CONTINENTAL-3-1975-000-000232,,250000,500000
233,1975-01-01,2,18,3,3,FIREMAN'S-3-1975-005-000233,,0,0
234,1975-01-01,3,5,3,3,CALIFORNIA-3-1975-010-000234,,0,0
235,1975-01-01,4,18,3,3,FIREMAN'S-3-1975-020-000235,,0,0
236,1976-01-01,1,3,3,3,CONTINENTAL-3-1976-000-000236,,250000,500000
237,1976-01-01,2,5,3,3,CALIFORNIA-3-1976-005-000237,,0,0
238,1976-01-01,3,17,3,3,CHUBB-3-1976-010-000238,,0,0
239,1976-01-01,4,13,3,3,AMERICAN-3-1976-020-000239,,0,0
240,1977-01-01,1,1,3,3,HARTFORD-3-1977-000-000240,,250000,500000
241,1977-01-01,2,15,3,3,GRANITE-3-1977-005-000241,,0,0
242,1977-01-01,3,13,3,3,AMERICAN-3-1977-010-000242,,0,0
243,1977-01-01,4,5,3,3,CALIFORNIA-3-1977-020-000243,,0,0
244,1978-01-01,1,16,3,3,ZURICH-3-1978-000-000244,,250000,500000
245,1978-01-01,2,12,3,3,LEXINGTON-3-1978-005-000245,,0,0
246,1978-01-01,3,5,3,3,CALIFORNIA-3-1978-010-000246,,0,0
247,1978-01-01,4,2,3,3,LONDON-3-1978-020-000247,,0,0
248,1979-01-01,1,3,3,3,CONTINENTAL-3-1979-000-000248,,250000,500000
249,1979-01-01,2,5,3,3,CALIFORNIA-3-1979-005-000249,,0,0
250,1979-01-01,3,2,3,3,LONDON-3-1979-010-000250,,0,0
251,1979-01-01,4,15,3,3,GRANITE-3-1979-020-000251,,0,0
252,1979-01-01,5,5,3,3,CALIFORNIA-3-1979-040-000252,,0,0
253,1980-01-01,1,11,3,3,TRAVELERS-3-1980-000-000253,,250000,500000
254,1980-01-01,2,17,3,3,CHUBB-3-1980-005-000254,,0,0
255,1980-01-01,3,10,3,3,FIRST-3-1980-010-000255,,0,0
256,1980-01-01,4,17,3,3,CHUBB-3-1980-020-000256,,0,0
257,1980-01-01,5,14,3,3,NATIONAL-3-1980-040-000257,,0,0
258,1981-01-01,1,1,3,3,HARTFORD-3-1981-000-000258,,250000,500000
259,1981-01-01,2,6,3,3,HARBOR-3-1981-005-000259,,0,0
260,1981-01-01,3,5,3,3,CALIFORNIA-3-1981-010-000260,,0,0
261,1981-01-01,4,14,3,3,NATIONAL-3-1981-020-000261,,0,0
262,1981-01-01,5,6,3,3,HARBOR-3-1981-040-000262,,0,0
263,1981-01-01,6,18,3,3,FIREMAN'S-3-1981-065-000263,,0,0
264,1982-01-01,1,16,3,3,ZURICH-3-1982-000-000264,,250000,500000
265,1982-01-01,2,18,3,3,FIREMAN'S-3-1982-005-000265,,0,0
266,1982-01-01,3,14,3,3,NATIONAL-3-1982-010-000266,,0,0
267,1982-01-01,4,12,3,3,LEXINGTON-3-1982-020-000267,,0,0
268,1982-01-01,5,18,3,3,FIREMAN'S-3-1982-040-000268,,0,0
269,1982-01-01,6,6,3,3,HARBOR-3-1982-065-000269,,0,0
270,1983-01-01,1,4,3,3,AETNA-3-1983-000-000270,,250000,500000
271,1983-01-01,2,14,3,3,NATIONAL-3-1983-005-000271,,0,0
272,1983-01-01,3,6,3,3,HARBOR-3-1983-010-000272,,0,0
273,1983-01-01,4,6,3,3,HARBOR-3-1983-020-000273,,0,0
274,1983-01-01,5,14,3,3,NATIONAL-3-1983-040-000274,,0,0
275,1983-01-01,6,15,3,3,GRANITE-3-1983-065-000275,,0,0
276,1984-01-01,1,11,3,3,TRAVELERS-3-1984-000-000276,,250000,500000
277,1984-01-01,2,10,3,3,FIRST-3-1984-005-000277,,0,0
278,1984-01-01,3,6,3,3,HARBOR-3-1984-010-000278,,0,0
279,1984-01-01,4,18,3,3,FIREMAN'S-3-1984-020-000279,,0,0
280,1984-01-01,5,13,3,3,AMERICAN-3-1984-040-000280,,0,0
281,1984-01-01,6,14,3,3,NATIONAL-3-1984-065-000281,,0,0
282,1985-01-01,1,4,3,3,AETNA-3-1985-000-000282,,250000,500000
283,1985-01-01,2,2,3,3,LONDON-3-1985-005-000283,,0,0
284,1985-01-01,3,14,3,3,NATIONAL-3-1985-010-000284,,0,0
285,1985-01-01,4,2,3,3,LONDON-3-1985-020-000285,,0,0
286,1985-01-01,5,13,3,3,AMERICAN-3-1985-040-000286,,0,0
287,1985-01-01,6,5,3,3,CALIFORNIA-3-1985-065-000287,,0,0
288,1985-01-01,7,6,3,3,HARBOR-3-1985-085-000288,,0,0
289,1985-01-01,8,18,3,3,FIREMAN'S-3-1985-125-000289,,0,0
290,1985-01-01,9,17,3,3,CHUBB-3-1985-150-000290,,0,0
291,1986-01-01,1,16,3,3,ZURICH-3-1986-000-000291,,250000,500000
292,1986-01-01,2,5,3,3,CALIFORNIA-3-1986-005-000292,,0,0
293,1986-01-01,3,2,3,3,LONDON-3-1986-010-000293,,0,0
294,1986-01-01,4,17,3,3,CHUBB-3-1986-020-000294,,0,0
295,1986-01-01,5,5,3,3,CALIFORNIA-3-1986-040-000295,,0,0
296,1986-01-01,6,17,3,3,CHUBB-3-1986-065-000296,,0,0
297,1986-01-01,7,17,3,3,CHUBB-3-1986-085-000297,,0,0
298,1986-01-01,8,10,3,3,FIRST-3-1986-125-000298,,0,0
299,1986-01-01,9,13,3,3,AMERICAN-3-1986-150-000299,,0,0
300,1965-01-01,1,7,4,4,INSURANCE-4-1965-000-000300,,250000,500000
301,1965-01-01,2,14,4,4,NATIONAL-4-1965-001-000301,,0,0
302,1965-01-01,3,12,4,4,LEXINGTON-4-1965-005-000302,,0,0
303,1966-01-01,1,3,4,4,CONTINENTAL-4-1966-000-000303,,250000,500000
304,1966-01-01,2,12,4,4,LEXINGTON-4-1966-001-000304,,0,0
305,1966-01-01,3,6,4,4,HARBOR-4-1966-005-000305,,0,0
306,1967-01-01,1,1,4,4,HARTFORD-4-1967-000-000306,,250000,500000
307,1967-01-01,2,15,4,4,GRANITE-4-1967-001-000307,,0,0
308,1967-01-01,3,6,4,4,HARBOR-4-1967-005-000308,,0,0
309,1968-01-01,1,1,4,4,HARTFORD-4-1968-000-000309,,250000,500000
310,1968-01-01,2,14,4,4,NATIONAL-4-1968-001-000310,,0,0
311,1968-01-01,3,6,4,4,HARBOR-4-1968-005-000311,,0,0
312,1969-01-01,1,3,4,4,CONTINENTAL-4-1969-000-000312,,250000,500000
313,1969-01-01,2,2,4,4,LONDON-4-1969-001-000313,,0,0
314,1969-01-01,3,14,4,4,NATIONAL-4-1969-005-000314,,0,0
315,1970-01-01,1,3,4,4,CONTINENTAL-4-1970-000-000315,,250000,500000
316,1970-01-01,2,13,4,4,AMERICAN-4-1970-005-000316,,0,0
317,1970-01-01,3,12,4,4,LEXINGTON-4-1970-010-000317,,0,0
318,1971-01-01,1,1,4,4,HARTFORD-4-1971-000-000318,,250000,500000
319,1971-01-01,2,2,4,4,LONDON-4-1971-005-000319,,0,0
320,1971-01-01,3,6,4,4,HARBOR-4-1971-010-000320,,0,0
321,1972-01-01,1,3,4,4,CONTINENTAL-4-1972-000-000321,,250000,500000
322,1972-01-01,2,12,4,4,LEXINGTON-4-1972-005-000322,,0,0
323,1972-01-01,3,17,4,4,CHUBB-4-1972-010-000323,,0,0
324,1973-01-01,1,4,4,4,AETNA-4-1973-000-000324,,250000,500000
325,1973-01-01,2,5,4,4,CALIFORNIA-4-1973-005-000325,,0,0
326,1973-01-01,3,14,4,4,NATIONAL-4-1973-010-000326,,0,0
327,1974-01-01,1,11,4,4,TRAVELERS-4-1974-000-000327,,250000,500000
328,1974-01-01,2,15,4,4,GRANITE-4-1974-005-000328,,0,0
329,1974-01-01,3,6,4,4,HARBOR-4-1974-010-000329,,0,0
330,1975-01-01,1,1,4,4,HARTFORD-4-1975-000-000330,,250000,500000
331,1975-01-01,2,12,4,4,LEXINGTON-4-1975-005-000331,,0,0
332,1975-01-01,3,13,4,4,AMERICAN-4-1975-010-000332,,0,0
333,1975-01-01,4,10,4,4,FIRST-4-1975-020-000333,,0,0
334,1976-01-01,1,16,4,4,ZURICH-4-1976-000-000334,,250000,500000
335,1976-01-01,2,6,4,4,HARBOR-4-1976-005-000335,,0,0
336,1976-01-01,3,12,4,4,LEXINGTON-4-1976-010-000336,,0,0
337,1976-01-01,4,2,4,4,LONDON-4-1976-020-000337,,0,0
338,1977-01-01,1,1,4,4,HARTFORD-4-1977-000-000338,,250000,500000
339,1977-01-01,2,14,4,4,NATIONAL-4-1977-005-000339,,0,0
340,1977-01-01,3,2,4,4,LONDON-4-1977-010-000340,,0,0
341,1977-01-01,4,6,4,4,HARBOR-4-1977-020-000341,,0,0
342,1978-01-01,1,11,4,4,TRAVELERS-4-1978-000-000342,,250000,500000
343,1978-01-01,2,6,4,4,HARBOR-4-1978-005-000343,,0,0
344,1978-01-01,3,15,4,4,GRANITE-4-1978-010-000344,,0,0
345,1978-01-01,4,10,4,4,FIRST-4-1978-020-000345,,0,0
346,1979-01-01,1,4,4,4,AETNA-4-1979-000-000346,,250000,500000
347,1979-01-01,2,18,4,4,FIREMAN'S-4-1979-005-000347,,0,0
348,1979-01-01,3,5,4,4,CALIFORNIA-4-1979-010-000348,,0,0
349,1979-01-01,4,2,4,4,LONDON-4-1979-020-000349,,0,0
350,1979-01-01,5,18,4,4,FIREMAN'S-4-1979-040-000350,,0,0
351,1980-01-01,1,16,4,4,ZURICH-4-1980-000-000351,,250000,500000
352,1980-01-01,2,13,4,4,AMERICAN-4-1980-005-000352,,0,0
353,1980-01-01,3,12,4,4,LEXINGTON-4-1980-010-000353,,0,0
354,1980-01-01,4,12,4,4,LEXINGTON-4-1980-020-000354,,0,0
355,1980-01-01,5,5,4,4,CALIFORNIA-4-1980-040-000355,,0,0
356,1981-01-01,1,7,4,4,INSURANCE-4-1981-000-000356,,250000,500000
357,1981-01-01,2,17,4,4,CHUBB-4-1981-005-000357,,0,0
358,1981-01-01,3,15,4,4,GRANITE-4-1981-010-000358,,0,0
359,1981-01-01,4,10,4,4,FIRST-4-1981-020-000359,,0,0
360,1981-01-01,5,13,4,4,AMERICAN-4-1981-040-000360,,0,0
361,1981-01-01,6,14,4,4,NATIONAL-4-1981-065-000361,,0,0
362,1982-01-01,1,11,4,4,TRAVELERS-4-1982-000-000362,,250000,500000
363,1982-01-01,2,13,4,4,AMERICAN-4-1982-005-000363,,0,0
364,1982-01-01,3,6,4,4,HARBOR-4-1982-010-000364,,0,0
365,1982-01-01,4,5,4,4,CALIFORNIA-4-1982-020-000365,,0,0
366,1982-01-01,5,2,4,4,LONDON-4-1982-040-000366,,0,0
367,1982-01-01,6,10,4,4,FIRST-4-1982-065-000367,,0,0
368,1983-01-01,1,4,4,4,AETNA-4-1983-000-000368,,250000,500000
369,1983-01-01,2,5,4,4,CALIFORNIA-4-1983-005-000369,,0,0
370,1983-01-01,3,14,4,4,NATIONAL-4-1983-010-000370,,0,0
371,1983-01-01,4,14,4,4,NATIONAL-4-1983-020-000371,,0,0
372,1983-01-01,5,5,4,4,CALIFORNIA-4-1983-040-000372,,0,0
373,1983-01-01,6,2,4,4,LONDON-4-1983-065-000373,,0,0
374,1984-01-01,1,16,4,4,ZURICH-4-1984-000-000374,,250000,500000
375,1984-01-01,2,17,4,4,CHUBB-4-1984-005-000375,,0,0
376,1984-01-01,3,2,4,4,LONDON-4-1984-010-000376,,0,0
377,1984-01-01,4,5,4,4,CALIFORNIA-4-1984-020-000377,,0,0
378,1984-01-01,5,17,4,4,CHUBB-4-1984-040-000378,,0,0
379,1984-01-01,6,5,4,4,CALIFORNIA-4-1984-065-000379,,0,0
380,1985-01-01,1,7,4,4,INSURANCE-4-1985-000-000380,,250000,500000
381,1985-01-01,2,15,4,4,GRANITE-4-1985-005-000381,,0,0
382,1985-01-01,3,6,4,4,HARBOR-4-1985-010-000382,,0,0
383,1985-01-01,4,15,4,4,GRANITE-4-1985-020-000383,,0,0
384,1985-01-01,5,17,4,4,CHUBB-4-1985-040-000384,,0,0
385,1985-01-01,6,17,4,4,CHUBB-4-1985-065-000385,,0,0
386,1985-01-01,7,18,4,4,FIREMAN'S-4-1985-085-000386,,0,0
387,1985-01-01,8,10,4,4,FIRST-4-1985-125-000387,,0,0
388,1985-01-01,9,12,4,4,LEXINGTON-4-1985-150-000388,,0,0
389,1986-01-01,1,16,4,4,ZURICH-4-1986-000-000389,,250000,500000
390,1986-01-01,2,2,4,4,LONDON-4-1986-005-000390,,0,0
391,1986-01-01,3,18,4,4,FIREMAN'S-4-1986-010-000391,,0,0
392,1986-01-01,4,12,4,4,LEXINGTON-4-1986-020-000392,,0,0
393,1986-01-01,5,12,4,4,LEXINGTON-4-1986-040-000393,,0,0
394,1986-01-01,6,15,4,4,GRANITE-4-1986-065-000394,,0,0
395,1986-01-01,7,13,4,4,AMERICAN-4-1986-085-000395,,0,0
396,1986-01-01,8,18,4,4,FIREMAN'S-4-1986-125-000396,,0,0
397,1986-01-01,9,17,4,4,CHUBB-4-1986-150-000397,,0,0
398,1965-01-01,1,11,5,5,TRAVELERS-5-1965-000-000398,,250000,500000
399,1965-01-01,2,10,5,5,FIRST-5-1965-001-000399,,0,0
400,1965-01-01,3,6,5,5,HARBOR-5-1965-005-000400,,0,0
401,1966-01-01,1,1,5,5,HARTFORD-5-1966-000-000401,,250000,500000
402,1966-01-01,2,2,5,5,LONDON-5-1966-001-000402,,0,0
403,1966-01-01,3,10,5,5,FIRST-5-1966-005-000403,,0,0
404,1967-01-01,1,16,5,5,ZURICH-5-1967-000-000404,,250000,500000
405,1967-01-01,2,13,5,5,AMERICAN-5-1967-001-000405,,0,0
406,1967-01-01,3,2,5,5,LONDON-5-1967-005-000406,,0,0
407,1968-01-01,1,7,5,5,INSURANCE-5-1968-000-000407,,250000,500000
408,1968-01-01,2,13,5,5,AMERICAN-5-1968-001-000408,,0,0
409,1968-01-01,3,15,5,5,GRANITE-5-1968-005-000409,,0,0
410,1969-01-01,1,11,5,5,TRAVELERS-5-1969-000-000410,,250000,500000
411,1969-01-01,2,2,5,5,LONDON-5-1969-001-000411,,0,0
412,1969-01-01,3,13,5,5,AMERICAN-5-1969-005-000412,,0,0
413,1970-01-01,1,4,5,5,AETNA-5-1970-000-000413,,250000,500000
414,1970-01-01,2,5,5,5,CALIFORNIA-5-1970-005-000414,,0,0
415,1970-01-01,3,14,5,5,NATIONAL-5-1970-010-000415,,0,0
416,1971-01-01,1,16,5,5,ZURICH-5-1971-000-000416,,250000,500000
417,1971-01-01,2,12,5,5,LEXINGTON-5-1971-005-000417,,0,0
418,1971-01-01,3,18,5,5,FIREMAN'S-5-1971-010-000418,,0,0
419,1972-01-01,1,7,5,5,INSURANCE-5-1972-000-000419,,250000,500000
420,1972-01-01,2,6,5,5,HARBOR-5-1972-005-000420,,0,0
421,1972-01-01,3,13,5,5,AMERICAN-5-1972-010-000421,,0,0
422,1973-01-01,1,1,5,5,HARTFORD-5-1973-000-000422,,250000,500000
423,1973-01-01,2,17,5,5,CHUBB-5-1973-005-000423,,0,0
424,1973-01-01,3,13,5,5,AMERICAN-5-1973-010-000424,,0,0
425,1974-01-01,1,4,5,5,AETNA-5-1974-000-000425,,250000,500000
426,1974-01-01,2,14,5,5,NATIONAL-5-1974-005-000426,,0,0
427,1974-01-01,3,2,5,5,LONDON-5-1974-010-000427,,0,0
428,1975-01-01,1,1,5,5,HARTFORD-5-1975-000-000428,,250000,500000
429,1975-01-01,2,10,5,5,FIRST-5-1975-005-000429,,0,0
430,1975-01-01,3,15,5,5,GRANITE-5-1975-010-000430,,0,0
431,1975-01-01,4,14,5,5,NATIONAL-5-1975-020-000431,,0,0
432,1976-01-01,1,7,5,5,INSURANCE-5-1976-000-000432,,250000,500000
433,1976-01-01,2,13,5,5,AMERICAN-5-1976-005-000433,,0,0
434,1976-01-01,3,17,5,5,CHUBB-5-1976-010-000434,,0,0
435,1976-01-01,4,2,5,5,LONDON-5-1976-020-000435,,0,0
436,1977-01-01,1,4,5,5,AETNA-5-1977-000-000436,,250000,500000
437,1977-01-01,2,2,5,5,LONDON-5-1977-005-000437,,0,0
438,1977-01-01,3,15,5,5,GRANITE-5-1977-010-000438,,0,0
439,1977-01-01,4,18,5,5,FIREMAN'S-5-1977-020-000439,,0,0
440,1978-01-01,1,16,5,5,ZURICH-5-1978-000-000440,,250000,500000
441,1978-01-01,2,2,5,5,LONDON-5-1978-005-000441,,0,0
442,1978-01-01,3,12,5,5,LEXINGTON-5-1978-010-000442,,0,0
443,1978-01-01,4,10,5,5,FIRST-5-1978-020-000443,,0,0
444,1979-01-01,1,1,5,5,HARTFORD-5-1979-000-000444,,250000,500000
445,1979-01-01,2,15,5,5,GRANITE-5-1979-005-000445,,0,0
446,1979-01-01,3,6,5,5,HARBOR-5-1979-010-000446,,0,0
447,1979-01-01,4,5,5,5,CALIFORNIA-5-1979-020-000447,,0,0
448,1979-01-01,5,15,5,5,GRANITE-5-1979-040-000448,,0,0
449,1980-01-01,1,7,5,5,INSURANCE-5-1980-000-000449,,250000,500000
450,1980-01-01,2,17,5,5,CHUBB-5-1980-005-000450,,0,0
451,1980-01-01,3,10,5,5,FIRST-5-1980-010-000451,,0,0
452,1980-01-01,4,15,5,5,GRANITE-5-1980-020-000452,,0,0
453,1980-01-01,5,12,5,5,LEXINGTON-5-1980-040-000453,,0,0
454,1981-01-01,1,3,5,5,CONTINENTAL-5-1981-000-000454,,250000,500000
455,1981-01-01,2,14,5,5,NATIONAL-5-1981-005-000455,,0,0
456,1981-01-01,3,6,5,5,HARBOR-5-1981-010-000456,,0,0
457,1981-01-01,4,5,5,5,CALIFORNIA-5-1981-020-000457,,0,0
458,1981-01-01,5,14,5,5,NATIONAL-5-1981-040-000458,,0,0
459,1981-01-01,6,17,5,5,CHUBB-5-1981-065-000459,,0,0
460,1982-01-01,1,1,5,5,HARTFORD-5-1982-000-000460,,250000,500000
461,1982-01-01,2,10,5,5,FIRST-5-1982-005-000461,,0,0
462,1982-01-01,3,18,5,5,FIREMAN'S-5-1982-010-000462,,0,0
463,1982-01-01,4,15,5,5,GRANITE-5-1982-020-000463,,0,0
464,1982-01-01,5,12,5,5,LEXINGTON-5-1982-040-000464,,0,0
465,1982-01-01,6,13,5,5,AMERICAN-5-1982-065-000465,,0,0
466,1983-01-01,1,1,5,5,HARTFORD-5-1983-000-000466,,250000,500000
467,1983-01-01,2,6,5,5,HARBOR-5-1983-005-000467,,0,0
468,1983-01-01,3,13,5,5,AMERICAN-5-1983-010-000468,,0,0
469,1983-01-01,4,12,5,5,LEXINGTON-5-1983-020-000469,,0,0
470,1983-01-01,5,6,5,5,HARBOR-5-1983-040-000470,,0,0
471,1983-01-01,6,12,5,5,LEXINGTON-5-1983-065-000471,,0,0
472,1984-01-01,1,3,5,5,CONTINENTAL-5-1984-000-000472,,250000,500000
473,1984-01-01,2,14,5,5,NATIONAL-5-1984-005-000473,,0,0
474,1984-01-01,3,5,5,5,CALIFORNIA-5-1984-010-000474,,0,0
475,1984-01-01,4,6,5,5,HARBOR-5-1984-020-000475,,0,0
476,1984-01-01,5,18,5,5,FIREMAN'S-5-1984-040-000476,,0,0
477,1984-01-01,6,2,5,5,LONDON-5-1984-065-000477,,0,0
478,1985-01-01,1,3,5,5,CONTINENTAL-5-1985-000-000478,,250000,500000
479,1985-01-01,2,2,5,5,LONDON-5-1985-005-000479,,0,0
480,1985-01-01,3,12,5,5,LEXINGTON-5-1985-010-000480,,0,0
481,1985-01-01,4,13,5,5,AMERICAN-5-1985-020-000481,,0,0
482,1985-01-01,5,13,5,5,AMERICAN-5-1985-040-000482,,0,0
483,1985-01-01,6,15,5,5,GRANITE-5-1985-065-000483,,0,0
484,1985-01-01,7,15,5,5,GRANITE-5-1985-085-000484,,0,0
485,1985-01-01,8,6,5,5,HARBOR-5-1985-125-000485,,0,0
486,1985-01-01,9,6,5,5,HARBOR-5-1985-150-000486,,0,0
487,1986-01-01,1,1,5,5,HARTFORD-5-1986-000-000487,,250000,500000
488,1986-01-01,2,17,5,5,CHUBB-5-1986-005-000488,,0,0
489,1986-01-01,3,5,5,5,CALIFORNIA-5-1986-010-000489,,0,0
490,1986-01-01,4,6,5,5,HARBOR-5-1986-020-000490,,0,0
491,1986-01-01,5,18,5,5,FIREMAN'S-5-1986-040-000491,,0,0
492,1986-01-01,6,5,5,5,CALIFORNIA-5-1986-065-000492,,0,0
493,1986-01-01,7,12,5,5,LEXINGTON-5-1986-085-000493,,0,0
494,1986-01-01,8,15,5,5,GRANITE-5-1986-125-000494,,0,0
495,1986-01-01,9,18,5,5,FIREMAN'S-5-1986-150-000495,,0,0
496,1965-01-01,1,11,6,6,TRAVELERS-6-1965-000-000496,,250000,500000
497,1965-01-01,2,12,6,6,LEXINGTON-6-1965-001-000497,,0,0
498,1965-01-01,3,17,6,6,CHUBB-6-1965-005-000498,,0,0
499,1966-01-01,1,7,6,6,INSURANCE-6-1966-000-000499,,250000,500000
500,1966-01-01,2,6,6,6,HARBOR-6-1966-001-000500,,0,0
501,1966-01-01,3,5,6,6,CALIFORNIA-6-1966-005-000501,,0,0
502,1967-01-01,1,16,6,6,ZURICH-6-1967-000-000502,,250000,500000
503,1967-01-01,2,10,6,6,FIRST-6-1967-001-000503,,0,0
504,1967-01-01,3,18,6,6,FIREMAN'S-6-1967-005-000504,,0,0
505,1968-01-01,1,7,6,6,INSURANCE-6-1968-000-000505,,250000,500000
506,1968-01-01,2,5,6,6,CALIFORNIA-6-1968-001-000506,,0,0
507,1968-01-01,3,13,6,6,AMERICAN-6-1968-005-000507,,0,0
508,1969-01-01,1,4,6,6,AETNA-6-1969-000-000508,,250000,500000
509,1969-01-01,2,18,6,6,FIREMAN'S-6-1969-001-000509,,0,0
510,1969-01-01,3,5,6,6,CALIFORNIA-6-1969-005-000510,,0,0
511,1970-01-01,1,4,6,6,AETNA-6-1970-000-000511,,250000,500000
512,1970-01-01,2,2,6,6,LONDON-6-1970-005-000512,,0,0
513,1970-01-01,3,14,6,6,NATIONAL-6-1970-010-000513,,0,0
514,1971-01-01,1,4,6,6,AETNA-6-1971-000-000514,,250000,500000
515,1971-01-01,2,13,6,6,AMERICAN-6-1971-005-000515,,0,0
516,1971-01-01,3,18,6,6,FIREMAN'S-6-1971-010-000516,,0,0
517,1972-01-01,1,7,6,6,INSURANCE-6-1972-000-000517,,250000,500000
518,1972-01-01,2,17,6,6,CHUBB-6-1972-005-000518,,0,0
519,1972-01-01,3,13,6,6,AMERICAN-6-1972-010-000519,,0,0
520,1973-01-01,1,4,6,6,AETNA-6-1973-000-000520,,250000,500000
521,1973-01-01,2,18,6,6,FIREMAN'S-6-1973-005-000521,,0,0
522,1973-01-01,3,10,6,6,FIRST-6-1973-010-000522,,0,0
523,1974-01-01,1,4,6,6,AETNA-6-1974-000-000523,,250000,500000
524,1974-01-01,2,12,6,6,LEXINGTON-6-1974-005-000524,,0,0
525,1974-01-01,3,14,6,6,NATIONAL-6-1974-010-000525,,0,0
526,1975-01-01,1,7,6,6,INSURANCE-6-1975-000-000526,,250000,500000
527,1975-01-01,2,17,6,6,CHUBB-6-1975-005-000527,,0,0
528,1975-01-01,3,15,6,6,GRANITE-6-1975-010-000528,,0,0
529,1975-01-01,4,17,6,6,CHUBB-6-1975-020-000529,,0,0
530,1976-01-01,1,1,6,6,HARTFORD-6-1976-000-000530,,250000,500000
531,1976-01-01,2,14,6,6,NATIONAL-6-1976-005-000531,,0,0
532,1976-01-01,3,17,6,6,CHUBB-6-1976-010-000532,,0,0
533,1976-01-01,4,18,6,6,FIREMAN'S-6-1976-020-000533,,0,0
534,1977-01-01,1,4,6,6,AETNA-6-1977-000-000534,,250000,500000
535,1977-01-01,2,5,6,6,CALIFORNIA-6-1977-005-000535,,0,0
536,1977-01-01,3,14,6,6,NATIONAL-6-1977-010-000536,,0,0
537,1977-01-01,4,14,6,6,NATIONAL-6-1977-020-000537,,0,0
538,1978-01-01,1,3,6,6,CONTINENTAL-6-1978-000-000538,,250000,500000
539,1978-01-01,2,15,6,6,GRANITE-6-1978-005-000539,,0,0
540,1978-01-01,3,12,6,6,LEXINGTON-6-1978-010-000540,,0,0
541,1978-01-01,4,6,6,6,HARBOR-6-1978-020-000541,,0,0
542,1979-01-01,1,7,6,6,INSURANCE-6-1979-000-000542,,250000,500000
543,1979-01-01,2,13,6,6,AMERICAN-6-1979-005-000543,,0,0
544,1979-01-01,3,15,6,6,GRANITE-6-1979-010-000544,,0,0
545,1979-01-01,4,18,6,6,FIREMAN'S-6-1979-020-000545,,0,0
546,1979-01-01,5,10,6,6,FIRST-6-1979-040-000546,,0,0
547,1980-01-01,1,3,6,6,CONTINENTAL-6-1980-000-000547,,250000,500000
548,1980-01-01,2,2,6,6,LONDON-6-1980-005-000548,,0,0
549,1980-01-01,3,18,6,6,FIREMAN'S-6-1980-010-000549,,0,0
550,1980-01-01,4,5,6,6,CALIFORNIA-6-1980-020-000550,,0,0
551,1980-01-01,5,15,6,6,GRANITE-6-1980-040-000551,,0,0
552,1981-01-01,1,4,6,6,AETNA-6-1981-000-000552,,250000,500000
553,1981-01-01,2,12,6,6,LEXINGTON-6-1981-005-000553,,0,0
554,1981-01-01,3,18,6,6,FIREMAN'S-6-1981-010-000554,,0,0
555,1981-01-01,4,17,6,6,CHUBB-6-1981-020-000555,,0,0
556,1981-01-01,5,14,6,6,NATIONAL-6-1981-040-000556,,0,0
557,1981-01-01,6,15,6,6,GRANITE-6-1981-065-000557,,0,0
558,1982-01-01,1,3,6,6,CONTINENTAL-6-1982-000-000558,,250000,500000
559,1982-01-01,2,6,6,6,HARBOR-6-1982-005-000559,,0,0
560,1982-01-01,3,18,6,6,FIREMAN'S-6-1982-010-000560,,0,0
561,1982-01-01,4,13,6,6,AMERICAN-6-1982-020-000561,,0,0
562,1982-01-01,5,5,6,6,CALIFORNIA-6-1982-040-000562,,0,0
563,1982-01-01,6,18,6,6,FIREMAN'S-6-1982-065-000563,,0,0
564,1983-01-01,1,11,6,6,TRAVELERS-6-1983-000-000564,,250000,500000
565,1983-01-01,2,18,6,6,FIREMAN'S-6-1983-005-000565,,0,0
566,1983-01-01,3,13,6,6,AMERICAN-6-1983-010-000566,,0,0
567,1983-01-01,4,5,6,6,CALIFORNIA-6-1983-020-000567,,0,0
568,1983-01-01,5,15,6,6,GRANITE-6-1983-040-000568,,0,0
569,1983-01-01,6,5,6,6,CALIFORNIA-6-1983-065-000569,,0,0
570,1984-01-01,1,3,6,6,CONTINENTAL-6-1984-000-000570,,250000,500000
571,1984-01-01,2,12,6,6,LEXINGTON-6-1984-005-000571,,0,0
572,1984-01-01,3,2,6,6,LONDON-6-1984-010-000572,,0,0
573,1984-01-01,4,17,6,6,CHUBB-6-1984-020-000573,,0,0
574,1984-01-01,5,12,6,6,LEXINGTON-6-1984-040-000574,,0,0
575,1984-01-01,6,15,6,6,GRANITE-6-1984-065-000575,,0,0
576,1985-01-01,1,11,6,6,TRAVELERS-6-1985-000-000576,,250000,500000
577,1985-01-01,2,18,6,6,FIREMAN'S-6-1985-005-000577,,0,0
578,1985-01-01,3,15,6,6,GRANITE-6-1985-010-000578,,0,0
579,1985-01-01,4,10,6,6,FIRST-6-1985-020-000579,,0,0
580,1985-01-01,5,12,6,6,LEXINGTON-6-1985-040-000580,,0,0
581,1985-01-01,6,12,6,6,LEXINGTON-6-1985-065-000581,,0,0
582,1985-01-01,7,12,6,6,LEXINGTON-6-1985-085-000582,,0,0
583,1985-01-01,8,17,6,6,CHUBB-6-1985-125-000583,,0,0
584,1985-01-01,9,12,6,6,LEXINGTON-6-1985-150-000584,,0,0
585,1986-01-01,1,3,6,6,CONTINENTAL-6-1986-000-000585,,250000,500000
586,1986-01-01,2,17,6,6,CHUBB-6-1986-005-000586,,0,0
587,1986-01-01,3,6,6,6,HARBOR-6-1986-010-000587,,0,0
588,1986-01-01,4,2,6,6,LONDON-6-1986-020-000588,,0,0
589,1986-01-01,5,17,6,6,CHUBB-6-1986-040-000589,,0,0
590,1986-01-01,6,2,6,6,LONDON-6-1986-065-000590,,0,0
591,1986-01-01,7,2,6,6,LONDON-6-1986-085-000591,,0,0
592,1986-01-01,8,10,6,6,FIRST-6-1986-125-000592,,0,0
593,1986-01-01,9,18,6,6,FIREMAN'S-6-1986-150-000593,,0,0
594,1965-01-01,1,1,7,7,HARTFORD-7-1965-000-000594,,250000,500000
595,1965-01-01,2,2,7,7,LONDON-7-1965-001-000595,,0,0
596,1965-01-01,3,13,7,7,AMERICAN-7-1965-005-000596,,0,0
597,1966-01-01,1,7,7,7,INSURANCE-7-1966-000-000597,,250000,500000
598,1966-01-01,2,17,7,7,CHUBB-7-1966-001-000598,,0,0
599,1966-01-01,3,15,7,7,GRANITE-7-1966-005-000599,,0,0
600,1967-01-01,1,4,7,7,AETNA-7-1967-000-000600,,250000,500000
601,1967-01-01,2,10,7,7,FIRST-7-1967-001-000601,,0,0
602,1967-01-01,3,14,7,7,NATIONAL-7-1967-005-000602,,0,0
603,1968-01-01,1,4,7,7,AETNA-7-1968-000-000603,,250000,500000
604,1968-01-01,2,5,7,7,CALIFORNIA-7-1968-001-000604,,0,0
605,1968-01-01,3,5,7,7,CALIFORNIA-7-1968-005-000605,,0,0
606,1969-01-01,1,1,7,7,HARTFORD-7-1969-000-000606,,250000,500000
607,1969-01-01,2,13,7,7,AMERICAN-7-1969-001-000607,,0,0
608,1969-01-01,3,17,7,7,CHUBB-7-1969-005-000608,,0,0
609,1970-01-01,1,3,7,7,CONTINENTAL-7-1970-000-000609,,250000,500000
610,1970-01-01,2,12,7,7,LEXINGTON-7-1970-005-000610,,0,0
611,1970-01-01,3,5,7,7,CALIFORNIA-7-1970-010-000611,,0,0
612,1971-01-01,1,4,7,7,AETNA-7-1971-000-000612,,250000,500000
613,1971-01-01,2,2,7,7,LONDON-7-1971-005-000613,,0,0
614,1971-01-01,3,14,7,7,NATIONAL-7-1971-010-000614,,0,0
615,1972-01-01,1,1,7,7,HARTFORD-7-1972-000-000615,,250000,500000
616,1972-01-01,2,13,7,7,AMERICAN-7-1972-005-000616,,0,0
617,1972-01-01,3,10,7,7,FIRST-7-1972-010-000617,,0,0
618,1973-01-01,1,1,7,7,HARTFORD-7-1973-000-000618,,250000,500000
619,1973-01-01,2,10,7,7,FIRST-7-1973-005-000619,,0,0
620,1973-01-01,3,2,7,7,LONDON-7-1973-010-000620,,0,0
621,1974-01-01,1,3,7,7,CONTINENTAL-7-1974-000-000621,,250000,500000
622,1974-01-01,2,18,7,7,FIREMAN'S-7-1974-005-000622,,0,0
623,1974-01-01,3,14,7,7,NATIONAL-7-1974-010-000623,,0,0
624,1975-01-01,1,3,7,7,CONTINENTAL-7-1975-000-000624,,250000,500000
625,1975-01-01,2,12,7,7,LEXINGTON-7-1975-005-000625,,0,0
626,1975-01-01,3,10,7,7,FIRST-7-1975-010-000626,,0,0
627,1975-01-01,4,5,7,7,CALIFORNIA-7-1975-020-000627,,0,0
628,1976-01-01,1,1,7,7,HARTFORD-7-1976-000-000628,,250000,500000
629,1976-01-01,2,10,7,7,FIRST-7-1976-005-000629,,0,0
630,1976-01-01,3,15,7,7,GRANITE-7-1976-010-000630,,0,0
631,1976-01-01,4,18,7,7,FIREMAN'S-7-1976-020-000631,,0,0
632,1977-01-01,1,4,7,7,AETNA-7-1977-000-000632,,250000,500000
633,1977-01-01,2,14,7,7,NATIONAL-7-1977-005-000633,,0,0
634,1977-01-01,3,12,7,7,LEXINGTON-7-1977-010-000634,,0,0
635,1977-01-01,4,6,7,7,HARBOR-7-1977-020-000635,,0,0
636,1978-01-01,1,3,7,7,CONTINENTAL-7-1978-000-000636,,250000,500000
637,1978-01-01,2,5,7,7,CALIFORNIA-7-1978-005-000637,,0,0
638,1978-01-01,3,2,7,7,LONDON-7-1978-010-000638,,0,0
639,1978-01-01,4,6,7,7,HARBOR-7-1978-020-000639,,0,0
640,1979-01-01,1,11,7,7,TRAVELERS-7-1979-000-000640,,250000,500000
641,1979-01-01,2,6,7,7,HARBOR-7-1979-005-000641,,0,0
642,1979-01-01,3,15,7,7,GRANITE-7-1979-010-000642,,0,0
643,1979-01-01,4,14,7,7,NATIONAL-7-1979-020-000643,,0,0
644,1979-01-01,5,10,7,7,FIRST-7-1979-040-000644,,0,0
645,1980-01-01,1,1,7,7,HARTFORD-7-1980-000-000645,,250000,500000
646,1980-01-01,2,13,7,7,AMERICAN-7-1980-005-000646,,0,0
647,1980-01-01,3,14,7,7,NATIONAL-7-1980-010-000647,,0,0
648,1980-01-01,4,10,7,7,FIRST-7-1980-020-000648,,0,0
649,1980-01-01,5,18,7,7,FIREMAN'S-7-1980-040-000649,,0,0
650,1981-01-01,1,16,7,7,ZURICH-7-1981-000-000650,,250000,500000
651,1981-01-01,2,12,7,7,LEXINGTON-7-1981-005-000651,,0,0
652,1981-01-01,3,18,7,7,FIREMAN'S-7-1981-010-000652,,0,0
653,1981-01-01,4,17,7,7,CHUBB-7-1981-020-000653,,0,0
654,1981-01-01,5,14,7,7,NATIONAL-7-1981-040-000654,,0,0
655,1981-01-01,6,5,7,7,CALIFORNIA-7-1981-065-000655,,0,0
656,1982-01-01,1,3,7,7,CONTINENTAL-7-1982-000-000656,,250000,500000
657,1982-01-01,2,14,7,7,NATIONAL-7-1982-005-000657,,0,0
658,1982-01-01,3,10,7,7,FIRST-7-1982-010-000658,,0,0
659,1982-01-01,4,5,7,7,CALIFORNIA-7-1982-020-000659,,0,0
660,1982-01-01,5,6,7,7,HARBOR-7-1982-040-000660,,0,0
661,1982-01-01,6,14,7,7,NATIONAL-7-1982-065-000661,,0,0
662,1983-01-01,1,11,7,7,TRAVELERS-7-1983-000-000662,,250000,500000
663,1983-01-01,2,13,7,7,AMERICAN-7-1983-005-000663,,0,0
664,1983-01-01,3,6,7,7,HARBOR-7-1983-010-000664,,0,0
665,1983-01-01,4,2,7,7,LONDON-7-1983-020-000665,,0,0
666,1983-01-01,5,15,7,7,GRANITE-7-1983-040-000666,,0,0
667,1983-01-01,6,6,7,7,HARBOR-7-1983-065-000667,,0,0
668,1984-01-01,1,3,7,7,CONTINENTAL-7-1984-000-000668,,250000,500000
669,1984-01-01,2,5,7,7,CALIFORNIA-7-1984-005-000669,,0,0
670,1984-01-01,3,2,7,7,LONDON-7-1984-010-000670,,0,0
671,1984-01-01,4,15,7,7,GRANITE-7-1984-020-000671,,0,0
672,1984-01-01,5,14,7,7,NATIONAL-7-1984-040-000672,,0,0
673,1984-01-01,6,10,7,7,FIRST-7-1984-065-000673,,0,0
674,1985-01-01,1,16,7,7,ZURICH-7-1985-000-000674,,250000,500000
675,1985-01-01,2,18,7,7,FIREMAN'S-7-1985-005-000675,,0,0
676,1985-01-01,3,14,7,7,NATIONAL-7-1985-010-000676,,0,0
677,1985-01-01,4,10,7,7,FIRST-7-1985-020-000677,,0,0
678,1985-01-01,5,17,7,7,CHUBB-7-1985-040-000678,,0,0
679,1985-01-01,6,14,7,7,NATIONAL-7-1985-065-000679,,0,0
680,1985-01-01,7,17,7,7,CHUBB-7-1985-085-000680,,0,0
681,1985-01-01,8,15,7,7,GRANITE-7-1985-125-000681,,0,0
682,1985-01-01,9,18,7,7,FIREMAN'S-7-1985-150-000682,,0,0
683,1986-01-01,1,7,7,7,INSURANCE-7-1986-000-000683,,250000,500000
684,1986-01-01,2,13,7,7,AMERICAN-7-1986-005-000684,,0,0
685,1986-01-01,3,6,7,7,HARBOR-7-1986-010-000685,,0,0
686,1986-01-01,4,2,7,7,LONDON-7-1986-020-000686,,0,0
687,1986-01-01,5,13,7,7,AMERICAN-7-1986-040-000687,,0,0
688,1986-01-01,6,2,7,7,LONDON-7-1986-065-000688,,0,0
689,1986-01-01,7,14,7,7,NATIONAL-7-1986-085-000689,,0,0
690,1986-01-01,8,10,7,7,FIRST-7-1986-125-000690,,0,0
691,1986-01-01,9,18,7,7,FIREMAN'S-7-1986-150-000691,,0,0
692,1965-01-01,1,7,8,8,INSURANCE-8-1965-000-000692,,250000,500000
693,1965-01-01,2,2,8,8,LONDON-8-1965-001-000693,,0,0
694,1965-01-01,3,6,8,8,HARBOR-8-1965-005-000694,,0,0
695,1966-01-01,1,3,8,8,CONTINENTAL-8-1966-000-000695,,250000,500000
696,1966-01-01,2,15,8,8,GRANITE-8-1966-001-000696,,0,0
697,1966-01-01,3,2,8,8,LONDON-8-1966-005-000697,,0,0
698,1967-01-01,1,16,8,8,ZURICH-8-1967-000-000698,,250000,500000
699,1967-01-01,2,17,8,8,CHUBB-8-1967-001-000699,,0,0
700,1967-01-01,3,12,8,8,LEXINGTON-8-1967-005-000700,,0,0
701,1968-01-01,1,11,8,8,TRAVELERS-8-1968-000-000701,,250000,500000
702,1968-01-01,2,18,8,8,FIREMAN'S-8-1968-001-000702,,0,0
703,1968-01-01,3,17,8,8,CHUBB-8-1968-005-000703,,0,0
704,1969-01-01,1,7,8,8,INSURANCE-8-1969-000-000704,,250000,500000
705,1969-01-01,2,12,8,8,LEXINGTON-8-1969-001-000705,,0,0
706,1969-01-01,3,13,8,8,AMERICAN-8-1969-005-000706,,0,0
707,1970-01-01,1,3,8,8,CONTINENTAL-8-1970-000-000707,,250000,500000
708,1970-01-01,2,12,8,8,LEXINGTON-8-1970-005-000708,,0,0
709,1970-01-01,3,2,8,8,LONDON-8-1970-010-000709,,0,0
710,1971-01-01,1,7,8,8,INSURANCE-8-1971-000-000710,,250000,500000
711,1971-01-01,2,6,8,8,HARBOR-8-1971-005-000711,,0,0
712,1971-01-01,3,17,8,8,CHUBB-8-1971-010-000712,,0,0
713,1972-01-01,1,1,8,8,HARTFORD-8-1972-000-000713,,250000,500000
714,1972-01-01,2,10,8,8,FIRST-8-1972-005-000714,,0,0
715,1972-01-01,3,6,8,8,HARBOR-8-1972-010-000715,,0,0
716,1973-01-01,1,4,8,8,AETNA-8-1973-000-000716,,250000,500000
717,1973-01-01,2,2,8,8,LONDON-8-1973-005-000717,,0,0
718,1973-01-01,3,18,8,8,FIREMAN'S-8-1973-010-000718,,0,0
719,1974-01-01,1,3,8,8,CONTINENTAL-8-1974-000-000719,,250000,500000
720,1974-01-01,2,14,8,8,NATIONAL-8-1974-005-000720,,0,0
721,1974-01-01,3,10,8,8,FIRST-8-1974-010-000721,,0,0
722,1975-01-01,1,11,8,8,TRAVELERS-8-1975-000-000722,,250000,500000
723,1975-01-01,2,13,8,8,AMERICAN-8-1975-005-000723,,0,0
724,1975-01-01,3,10,8,8,FIRST-8-1975-010-000724,,0,0
725,1975-01-01,4,2,8,8,LONDON-8-1975-020-000725,,0,0
726,1976-01-01,1,1,8,8,HARTFORD-8-1976-000-000726,,250000,500000
727,1976-01-01,2,6,8,8,HARBOR-8-1976-005-000727,,0,0
728,1976-01-01,3,18,8,8,FIREMAN'S-8-1976-010-000728,,0,0
729,1976-01-01,4,15,8,8,GRANITE-8-1976-020-000729,,0,0
730,1977-01-01,1,16,8,8,ZURICH-8-1977-000-000730,,250000,500000
731,1977-01-01,2,12,8,8,LEXINGTON-8-1977-005-000731,,0,0
732,1977-01-01,3,5,8,8,CALIFORNIA-8-1977-010-000732,,0,0
733,1977-01-01,4,17,8,8,CHUBB-8-1977-020-000733,,0,0
734,1978-01-01,1,1,8,8,HARTFORD-8-1978-000-000734,,250000,500000
735,1978-01-01,2,6,8,8,HARBOR-8-1978-005-000735,,0,0
736,1978-01-01,3,15,8,8,GRANITE-8-1978-010-000736,,0,0
737,1978-01-01,4,5,8,8,CALIFORNIA-8-1978-020-000737,,0,0
738,1979-01-01,1,11,8,8,TRAVELERS-8-1979-000-000738,,250000,500000
739,1979-01-01,2,17,8,8,CHUBB-8-1979-005-000739,,0,0
740,1979-01-01,3,15,8,8,GRANITE-8-1979-010-000740,,0,0
741,1979-01-01,4,12,8,8,LEXINGTON-8-1979-020-000741,,0,0
742,1979-01-01,5,17,8,8,CHUBB-8-1979-040-000742,,0,0
743,1980-01-01,1,3,8,8,CONTINENTAL-8-1980-000-000743,,250000,500000
744,1980-01-01,2,14,8,8,NATIONAL-8-1980-005-000744,,0,0
745,1980-01-01,3,5,8,8,CALIFORNIA-8-1980-010-000745,,0,0
746,1980-01-01,4,6,8,8,HARBOR-8-1980-020-000746,,0,0
747,1980-01-01,5,14,8,8,NATIONAL-8-1980-040-000747,,0,0
748,1981-01-01,1,16,8,8,ZURICH-8-1981-000-000748,,250000,500000
749,1981-01-01,2,5,8,8,CALIFORNIA-8-1981-005-000749,,0,0
750,1981-01-01,3,17,8,8,CHUBB-8-1981-010-000750,,0,0
751,1981-01-01,4,14,8,8,NATIONAL-8-1981-020-000751,,0,0
752,1981-01-01,5,10,8,8,FIRST-8-1981-040-000752,,0,0
753,1981-01-01,6,13,8,8,AMERICAN-8-1981-065-000753,,0,0
754,1982-01-01,1,1,8,8,HARTFORD-8-1982-000-000754,,250000,500000
755,1982-01-01,2,13,8,8,AMERICAN-8-1982-005-000755,,0,0
756,1982-01-01,3,13,8,8,AMERICAN-8-1982-010-000756,,0,0
757,1982-01-01,4,14,8,8,NATIONAL-8-1982-020-000757,,0,0
758,1982-01-01,5,17,8,8,CHUBB-8-1982-040-000758,,0,0
759,1982-01-01,6,5,8,8,CALIFORNIA-8-1982-065-000759,,0,0
760,1983-01-01,1,11,8,8,TRAVELERS-8-1983-000-000760,,250000,500000
761,1983-01-01,2,10,8,8,FIRST-8-1983-005-000761,,0,0
762,1983-01-01,3,12,8,8,LEXINGTON-8-1983-010-000762,,0,0
763,1983-01-01,4,6,8,8,HARBOR-8-1983-020-000763,,0,0
764,1983-01-01,5,18,8,8,FIREMAN'S-8-1983-040-000764,,0,0
765,1983-01-01,6,17,8,8,CHUBB-8-1983-065-000765,,0,0
766,1984-01-01,1,3,8,8,CONTINENTAL-8-1984-000-000766,,250000,500000
767,1984-01-01,2,2,8,8,LONDON-8-1984-005-000767,,0,0
768,1984-01-01,3,14,8,8,NATIONAL-8-1984-010-000768,,0,0
769,1984-01-01,4,13,8,8,AMERICAN-8-1984-020-000769,,0,0
770,1984-01-01,5,12,8,8,LEXINGTON-8-1984-040-000770,,0,0
771,1984-01-01,6,15,8,8,GRANITE-8-1984-065-000771,,0,0
772,1985-01-01,1,1,8,8,HARTFORD-8-1985-000-000772,,250000,500000
773,1985-01-01,2,13,8,8,AMERICAN-8-1985-005-000773,,0,0
774,1985-01-01,3,10,8,8,FIRST-8-1985-010-000774,,0,0
775,1985-01-01,4,2,8,8,LONDON-8-1985-020-000775,,0,0
776,1985-01-01,5,15,8,8,GRANITE-8-1985-040-000776,,0,0
777,1985-01-01,6,17,8,8,CHUBB-8-1985-065-000777,,0,0
778,1985-01-01,7,18,8,8,FIREMAN'S-8-1985-085-000778,,0,0
779,1985-01-01,8,15,8,8,GRANITE-8-1985-125-000779,,0,0
780,1985-01-01,9,18,8,8,FIREMAN'S-8-1985-150-000780,,0,0
781,1986-01-01,1,7,8,8,INSURANCE-8-1986-000-000781,,250000,500000
782,1986-01-01,2,10,8,8,FIRST-8-1986-005-000782,,0,0
783,1986-01-01,3,17,8,8,CHUBB-8-1986-010-000783,,0,0
784,1986-01-01,4,18,8,8,FIREMAN'S-8-1986-020-000784,,0,0
785,1986-01-01,5,12,8,8,LEXINGTON-8-1986-040-000785,,0,0
786,1986-01-01,6,14,8,8,NATIONAL-8-1986-065-000786,,0,0
787,1986-01-01,7,14,8,8,NATIONAL-8-1986-085-000787,,0,0
788,1986-01-01,8,12,8,8,LEXINGTON-8-1986-125-000788,,0,0
789,1986-01-01,9,15,8,8,GRANITE-8-1986-150-000789,,0,0
